age,fare,embarked,cabin,pclass,sex,sibsp,parch,ticket,survival
25,7.925,S,missing,3,male,0,0,STON/O 2. 3101291,0
41,134.5,C,E40,1,female,0,0,16966,1
28,7.7333,Q,missing,3,male,0,0,334912,0
18,7.775,S,missing,3,female,0,0,347087,0
29,21,S,missing,2,male,1,0,11668,0
19,7.65,S,F G73,3,male,0,0,348124,0
46,26,S,missing,2,male,0,0,28403,0
28,25.4667,S,missing,3,female,0,4,4133,0
28,26,S,A19,1,male,0,0,113056,0
36,135.6333,C,C32,1,female,0,0,PC 17760,1
21,7.75,Q,missing,3,male,0,0,364858,0
22,8.05,S,missing,3,male,0,0,324669,0
28,7.8958,S,missing,3,male,0,0,349208,0
36,13,S,D,2,female,0,0,28551,1
23,13.7917,C,D,2,female,0,0,SC/AH Basle 541,1
16,86.5,S,B79,1,female,0,0,110152,1
28,25.4667,S,missing,3,female,3,1,4133,0
10,24.15,S,missing,3,female,0,2,345773,0
28,0,S,missing,1,male,0,0,112051,0
28,7.75,Q,missing,3,female,0,2,364848,0
47,227.525,C,C62 C64,1,male,1,0,PC 17757,0
10,46.9,S,missing,3,female,5,2,CA 2144,0
35,7.75,Q,missing,3,female,0,0,9232,0
29,7.8542,S,missing,3,male,0,0,347467,0
36,7.8958,S,missing,3,male,0,0,349247,0
35,7.125,S,missing,3,male,0,0,STON/O 2. 3101273,0
3,41.5792,C,missing,2,female,1,2,SC/Paris 2123,1
27,53.1,S,E8,1,male,1,0,113806,1
22,8.9625,S,missing,3,female,0,0,7548,1
28,7.2292,C,missing,3,male,0,0,2671,0
32,13,S,missing,2,female,0,0,234604,1
28,7.8792,Q,missing,3,female,0,0,330924,0
48,65,S,missing,2,female,1,2,220845,1
28,7.75,Q,missing,3,male,0,0,371060,0
28,16.1,S,missing,3,female,1,0,376564,1
7,39.6875,S,missing,3,male,4,1,3101295,0
18,7.7958,S,missing,3,male,0,0,350036,0
44,8.05,S,missing,3,male,0,0,364511,0
19,10.5,S,missing,2,male,0,0,28665,0
30,7.6292,Q,missing,3,female,0,0,330972,0
28,6.4375,C,missing,3,male,1,0,2621,0
24,7.4958,S,missing,3,male,0,0,349209,0
9,15.2458,C,missing,3,female,1,1,2650,1
29,7.0458,S,missing,3,male,1,0,3460,0
55,135.6333,C,C32,1,female,0,0,PC 17760,1
36,9.5,S,missing,3,male,0,0,345771,0
28,8.05,S,missing,3,female,0,0,SOTON/O.Q. 392087,0
29,7.925,S,missing,3,male,0,0,STON/O 2. 3101268,0
45,59.4,C,missing,1,female,0,1,112378,1
28,25.925,S,missing,1,male,0,0,PC 17318,0
28,7.775,S,missing,3,male,0,0,345498,0
62,10.5,S,missing,2,male,0,0,S.W./PP 752,1
28,7.225,C,missing,3,male,0,0,2674,0
27,21,S,missing,2,female,1,0,11668,0
20,8.6625,S,missing,3,male,0,0,315094,0
16,39.4,S,D28,1,female,0,1,PC 17592,1
30,45.5,S,missing,1,male,0,0,113801,0
38,227.525,C,C45,1,female,0,0,PC 17757,1
20,7.925,S,missing,3,male,1,0,STON/O 2. 3101285,1
36,78.85,S,C46,1,male,1,0,19877,0
18.5,7.2833,Q,missing,3,female,0,0,329944,0
19,13,S,missing,2,male,0,0,28424,0
24,37.0042,C,missing,2,female,1,1,S.C./PARIS 2079,1
24,7.8542,S,missing,3,male,0,0,350409,0
38,31.3875,S,missing,3,female,1,5,347077,1
20,7.8542,S,missing,3,male,0,0,350416,0
0.3333,14.4,S,missing,3,male,0,2,347080,0
25,13,S,missing,2,male,0,0,C.A. 29178,0
36,71,S,B22,1,female,0,2,WE/P 5735,1
25,10.5,S,missing,2,male,0,0,F.C.C. 13540,0
28,7.8958,S,missing,3,male,0,0,349243,0
16,7.7333,Q,missing,3,female,0,0,35851,1
42,32.5,S,missing,2,male,1,1,28220,0
28,7.75,Q,missing,3,female,0,0,14312,1
61,262.375,C,B57 B59 B63 B66,1,male,1,3,PC 17608,0
45,8.05,S,missing,3,male,0,0,7598,1
45,164.8667,S,missing,1,female,1,1,36928,1
48,34.375,S,missing,3,female,1,3,W./C. 6608,0
23,263,S,C23 C25 C27,1,female,3,2,19950,1
28,7.2292,C,missing,3,male,0,0,2622,0
13,262.375,C,B57 B59 B63 B66,1,male,2,2,PC 17608,1
50,26,S,missing,2,female,0,1,230433,1
39,55.9,S,E44,1,female,1,0,13507,1
41,20.2125,S,missing,3,female,0,2,370129,0
8,21.075,S,missing,3,female,3,1,349909,0
24,82.2667,S,B45,1,male,1,0,21228,1
28,7.8958,S,missing,3,male,0,0,349222,0
23,10.5,S,missing,2,male,1,0,28666,0
22,49.5,C,B39,1,female,0,2,13568,1
0.9167,27.75,S,missing,2,female,1,2,C.A. 34651,1
28,56.4958,S,missing,3,male,0,0,1601,0
28,56.4958,S,missing,3,male,0,0,1601,1
24,247.5208,C,B58 B60,1,male,0,1,PC 17558,0
22,7.8958,S,missing,3,male,0,0,349252,0
0.8333,18.75,S,missing,2,male,1,1,29106,1
26,18.7875,C,missing,3,male,0,0,2699,1
28,7.75,Q,missing,3,female,0,0,364856,0
17,8.6625,S,missing,3,male,0,0,315090,0
28,8.05,S,missing,3,male,0,0,A/5 1478,0
60,39,S,missing,2,male,1,1,29750,0
26,13,S,F2,2,male,0,0,244368,0
18,20.2125,S,missing,3,male,1,1,370129,0
26,22.025,S,missing,3,female,1,1,315153,1
24,26,S,missing,2,female,1,0,244367,1
27,247.5208,C,B58 B60,1,female,1,1,PC 17558,1
28,23.25,Q,missing,3,male,2,0,367226,1
28,7.2292,C,missing,3,male,0,0,2673,0
21,8.05,S,missing,3,male,0,0,342684,0
28,29.7,C,C47,1,male,0,0,11774,1
20,7.8542,S,missing,3,male,0,0,350050,0
35,512.3292,C,B101,1,male,0,0,PC 17755,1
28,9.5,S,missing,3,male,0,0,345770,0
28,33,S,missing,2,male,0,1,248727,0
29,13.8583,C,missing,2,male,0,0,SC/PARIS 2147,1
28,14.5,S,missing,3,male,0,0,358585,0
26,8.6625,S,missing,3,male,2,0,315151,0
4,27.9,S,missing,3,male,3,2,347088,0
41,51.8625,S,D21,1,male,1,0,17464,0
28,7.55,S,missing,3,male,0,0,S.O./P.P. 751,0
70,71,S,B22,1,male,1,1,WE/P 5735,0
56,30.6958,C,A7,1,male,0,0,17764,0
37,83.1583,C,E52,1,male,1,1,PC 17756,0
60.5,14.4542,S,missing,3,male,0,0,3701,0
29,26,S,missing,2,female,1,0,26707,1
1,11.1333,S,missing,3,female,1,1,347742,1
28,23.45,S,missing,3,male,1,2,W./C. 6607,0
33,7.8542,S,missing,3,male,0,0,347465,0
31,21,S,missing,2,female,0,0,CA 31352,1
28,7.75,Q,missing,3,male,0,0,368402,1
28,7.75,Q,F38,3,male,0,0,383121,0
33,151.55,S,missing,1,female,0,0,113781,1
13,19.5,S,missing,2,female,0,1,250644,1
4,23,S,missing,2,female,1,1,29103,1
30,13.8583,C,missing,2,female,1,0,SC/PARIS 2148,1
28,7.725,Q,missing,3,male,0,0,36209,0
22,7.725,Q,missing,3,female,0,0,334914,1
28,7.8792,Q,missing,3,male,0,0,330971,0
30,56.9292,C,E36,1,female,0,0,PC 17485,1
2,26,S,missing,2,female,1,1,26360,1
49,110.8833,C,C68,1,male,1,1,17421,0
35,26.2875,S,E24,1,male,0,0,PC 17475,1
2,23,S,missing,2,male,1,1,29103,1
42,26,S,missing,2,female,1,0,SC/AH 3085,1
2,151.55,S,C22 C26,1,female,1,2,113781,0
18,13,S,missing,2,male,0,0,236171,0
28,8.05,S,missing,3,male,0,0,SOTON/OQ 3101316,0
28,26,S,missing,2,male,0,0,244358,0
25,13,S,missing,2,male,0,0,234686,0
24,7.1417,S,missing,3,male,0,0,C 17369,1
30,106.425,C,missing,1,female,0,0,PC 17761,1
28,8.05,S,missing,3,male,0,0,A4. 54510,0
28,7.8792,Q,missing,3,female,0,0,330980,1
0.75,19.2583,C,missing,3,female,2,1,2666,1
33,8.6542,S,missing,3,male,0,0,7540,0
26,14.4542,C,missing,3,male,1,0,2680,0
4,29.125,Q,missing,3,male,4,1,382652,0
20,13.8625,C,D38,2,male,0,0,SC/PARIS 2166,1
30,24.15,S,missing,3,female,1,1,345773,0
18,23,S,missing,2,female,0,1,231919,1
32,7.8542,S,missing,3,male,0,0,350417,1
32,30.5,C,B50,1,male,0,0,13214,1
31,50.4958,S,A24,1,male,0,0,PC 17590,0
25,0,S,missing,3,male,0,0,LINE,1
42,8.4042,S,missing,3,male,0,1,4579,0
30,27.75,C,C111,1,male,0,0,113051,0
28,7.2292,C,missing,3,male,0,0,2641,0
26.5,7.225,C,missing,3,male,0,0,2656,0
41,7.85,S,missing,3,male,0,0,SOTON/O.Q. 3101263,0
28,7,S,missing,3,male,0,0,343271,0
32,7.8958,S,missing,3,male,0,0,349242,0
1,15.7417,C,missing,3,female,0,2,2653,1
28,15.2458,C,missing,3,male,1,1,2661,1
18.5,13,S,F,2,male,0,0,248734,0
20,7.925,S,missing,3,male,0,0,SOTON/O2 3101287,0
24,8.85,S,missing,3,female,0,0,349236,0
52,13.5,S,missing,2,male,0,0,248731,0
32,15.85,S,missing,3,male,1,0,3101278,0
21,7.25,S,missing,3,male,0,0,SOTON/OQ 3101317,0
28,0,S,missing,2,male,0,0,239853,0
46,75.2417,C,C6,1,male,0,0,13050,0
62,26.55,S,C87,1,male,0,0,113514,0
33,53.1,S,E8,1,female,1,0,113806,1
22,41.5792,C,missing,2,female,1,2,SC/Paris 2123,1
18,8.3,S,missing,3,male,0,0,2223,0
31,7.775,S,missing,3,male,0,0,347063,0
23,82.2667,S,B45,1,female,1,0,21228,1
28,7.2292,C,missing,3,male,0,0,2629,0
28,0,S,missing,2,male,0,0,239856,0
38,90,S,C93,1,male,1,0,19943,1
16,9.5,S,missing,3,male,0,0,345778,0
28,7.8958,C,missing,3,male,0,0,349255,0
36,27.75,S,missing,2,male,1,2,C.A. 34651,0
22,7.25,S,missing,3,female,0,0,C 7077,1
28,7.225,C,missing,3,female,0,0,2649,1
28,69.55,S,missing,3,female,8,2,CA. 2343,0
28,7.25,S,missing,3,male,0,0,323592,0
22,9,S,missing,3,male,0,0,345767,0
51,39.4,S,D28,1,female,0,1,PC 17592,1
28,39.6,C,missing,1,male,0,0,112379,0
24,7.55,S,missing,3,male,0,0,S.O./P.P. 752,1
38,7.05,S,missing,3,male,0,0,SOTON/O.Q. 3101306,0
31,7.75,Q,missing,3,male,0,0,335097,0
28,15.2458,C,missing,3,female,0,2,2661,1
51,61.3792,C,missing,1,male,0,1,PC 17597,0
23,113.275,C,D36,1,female,1,0,35273,1
25,7.775,S,missing,3,male,1,0,347076,0
40,7.8958,S,missing,3,male,0,0,349251,0
40,31.3875,S,missing,3,male,1,5,347077,0
35,21,S,missing,2,female,0,0,F.C.C. 13528,1
18,7.4958,S,missing,3,female,0,0,3101265,1
40,153.4625,S,C125,1,female,0,0,PC 17582,1
36,75.2417,C,C6,1,male,0,0,13050,0
24,69.3,C,B35,1,female,0,0,PC 17477,1
45,35.5,S,T,1,male,0,0,113784,0
18,18,S,missing,3,female,2,0,345764,0
20,7.8542,S,missing,3,female,0,0,347471,0
30,93.5,S,B73,1,female,0,0,12749,1
32,10.5,S,missing,2,male,0,0,C.A. 33111,0
2,20.2125,S,missing,3,female,1,1,370129,0
32,56.4958,S,missing,3,male,0,0,1601,1
48,262.375,C,B57 B59 B63 B66,1,female,1,3,PC 17608,1
28,9.5,S,missing,3,male,0,0,345783,0
28,7.7333,Q,missing,3,female,0,0,35852,1
39,31.275,S,missing,3,male,1,5,347082,0
19,7.8958,S,missing,3,male,0,0,349231,0
16,8.05,S,missing,3,male,0,0,SOTON/OQ 392089,1
21,10.5,S,missing,2,female,0,0,C.A. 31026,1
56,35.5,C,A26,1,male,0,0,13213,1
28,0,S,missing,2,male,0,0,239853,0
24,9.325,S,missing,3,male,0,0,7266,0
39,29.7,C,A18,1,male,0,0,PC 17580,0
32,7.5792,S,missing,3,male,0,0,350403,1
27,7.925,S,missing,3,female,1,0,STON/O2. 3101270,0
26,20.575,S,missing,3,male,1,2,C.A. 2315,0
14,39.6875,S,missing,3,male,4,1,3101295,0
28,7.75,Q,missing,3,female,0,0,9234,1
21,26.55,S,missing,1,female,0,0,113795,1
23,8.05,S,missing,3,female,0,0,SOTON/OQ 392083,1
28,7.8958,S,missing,3,male,0,0,349235,0
28,7.7375,Q,missing,3,female,0,0,36866,1
28,9.5,S,missing,3,male,0,0,345777,0
11,120,S,B96 B98,1,male,1,2,113760,1
34,14.4,S,missing,3,male,1,1,347080,0
30,16.1,S,missing,3,male,1,0,A/5. 3336,0
28,69.55,S,missing,3,male,8,2,CA. 2343,0
61,12.35,Q,missing,2,male,0,0,235509,0
28,7.2292,C,missing,3,male,0,0,2686,0
45,13.5,S,missing,2,female,0,0,223596,1
24,16.7,S,G6,3,female,0,2,PP 9549,1
26,16.1,S,missing,3,female,1,0,A/5. 3336,0
28,15.5792,C,missing,2,male,0,0,SC/A.3 2861,0
21,24.15,S,missing,3,male,2,0,A/4 48871,0
16,7.775,S,missing,3,male,0,0,347074,0
22,7.775,S,missing,3,female,0,0,347085,1
28,7.8958,C,missing,3,male,0,0,349253,0
54,26,S,missing,2,male,1,0,244252,0
23,13.9,S,missing,3,male,1,0,347072,0
28,23.45,S,missing,3,female,1,2,W./C. 6607,0
28,7.75,Q,missing,3,male,1,0,367229,0
44,90,Q,C78,1,male,2,0,19928,0
55,25.7,S,C101,1,female,2,0,11770,1
21,77.9583,S,D9,1,female,0,0,13502,1
1,37.0042,C,missing,2,male,0,2,S.C./PARIS 2079,1
28,7.75,Q,missing,3,male,0,0,368783,1
48,76.7292,C,D33,1,male,1,0,PC 17572,1
28,35,S,C128,1,male,0,0,113510,0
20,7.225,C,missing,3,male,0,0,2679,0
33,12.275,S,missing,2,male,0,0,SCO/W 1585,0
25,55.4417,C,E50,1,female,1,0,11765,1
28,7.775,S,missing,3,female,0,0,347086,0
30,7.8958,S,missing,3,male,0,0,349246,0
28,13,S,missing,2,female,0,0,230434,1
26,7.8958,S,missing,3,male,0,0,349202,0
28,7.55,S,missing,3,male,0,0,C.A. 42795,0
64,26.55,S,B26,1,female,1,1,112901,1
55,93.5,S,B69,1,male,1,1,12749,0
28,7.75,Q,missing,3,male,0,0,364851,0
27,12.475,S,E121,3,female,0,1,392096,1
25,9.5,S,missing,3,male,0,0,345768,1
35,53.1,S,C123,1,female,1,0,113803,1
28,8.05,S,missing,3,male,0,0,A/5 2466,0
23,13,S,missing,2,male,0,0,29751,0
40,0,S,B94,1,male,0,0,112059,0
24,8.05,S,missing,3,male,0,0,343275,0
38,21,S,missing,2,male,1,0,28664,0
28,7.25,S,missing,3,male,0,0,392095,0
22,9.8375,S,missing,3,female,0,0,7553,0
28,15.5,Q,missing,3,male,1,0,370365,0
35,7.8958,S,missing,3,male,0,0,349230,0
28,7.75,Q,missing,3,female,0,0,383123,1
12,11.2417,C,missing,3,male,1,0,2651,1
40,39,S,missing,2,female,1,1,29750,1
54,81.8583,S,A34,1,female,1,1,33638,1
28,26.55,S,missing,1,male,0,0,111427,1
36,12.875,C,D,2,male,0,0,SC/Paris 2163,0
25,55.4417,C,E50,1,male,1,0,11765,1
40,7.225,C,missing,3,male,0,0,2623,0
55,50,S,C39,1,male,0,0,680,0
19,10.5,S,missing,2,male,0,0,28004,0
23,7.8542,S,missing,3,male,0,0,347468,0
22,7.225,C,missing,3,male,0,0,2620,1
22,12.2875,S,missing,3,female,1,1,3101298,1
43,8.05,S,missing,3,male,0,0,A/5 3536,0
22,135.6333,C,missing,1,male,0,0,PC 17760,0
28.5,27.7208,C,D43,1,male,0,0,PC 17562,0
22,39.6875,S,missing,3,female,0,0,3101295,0
29,9.4833,S,missing,3,male,0,0,7545,0
24,24.15,S,missing,3,male,2,0,A/4 48871,0
21,8.05,S,missing,3,male,0,0,A./5. 2152,0
30,21,S,missing,2,male,1,0,CA 31352,0
46,61.175,S,E31,1,male,1,0,W.E.P. 5734,0
15,211.3375,S,B5,1,female,0,1,24160,1
28,39.6,S,missing,1,male,0,0,PC 17607,1
49,25.9292,S,D17,1,female,0,0,17465,1
21,7.7333,Q,missing,3,male,0,0,A/5. 13032,0
29,10.5,S,F33,2,female,0,0,C.A. 29395,1
18,8.05,S,missing,3,female,0,0,A/4 31416,1
37,9.5875,S,missing,3,female,0,0,4135,0
40,15.75,S,missing,2,female,0,0,C.A. 33595,1
28,21,S,missing,2,female,0,0,F.C.C. 13534,0
28,16.1,S,missing,3,male,1,0,376564,0
28,7.8958,S,missing,3,male,0,0,349214,0
18,11.5,S,missing,2,male,0,0,29108,0
50,55.9,S,E44,1,male,1,0,13507,0
63,77.9583,S,D7,1,female,1,0,13502,1
56,26.55,S,missing,1,male,0,0,113792,0
41,30.5,S,A21,1,male,0,0,113054,0
33,9.5,S,missing,3,male,0,0,345780,0
30,21,S,missing,2,female,3,0,31027,1
28,26.55,S,D34,1,male,0,0,113778,0
19,7.8542,S,missing,3,female,1,0,350046,1
36,31.6792,C,A29,1,female,0,0,PC 17531,0
39,7.925,S,missing,3,male,0,0,STON/O 2. 3101289,1
34,10.5,S,F33,2,female,0,0,C.A. 34260,1
27,11.1333,S,missing,3,female,0,2,347742,1
37,52.5542,S,D35,1,male,1,1,11751,1
33,27.7208,C,A11,1,female,0,0,PC 17613,1
58,512.3292,C,B51 B53 B55,1,female,0,1,PC 17755,1
42,52,S,missing,1,male,1,0,113789,0
14,46.9,S,missing,3,male,5,2,CA 2144,0
29,7.75,Q,missing,3,male,0,0,382651,1
41,14.1083,S,missing,3,male,2,0,350026,0
47,34.0208,S,D46,1,male,0,0,36967,0
50,26,S,E60,1,male,0,0,113044,0
48,7.8542,S,missing,3,male,0,0,350047,0
28,7.8958,S,missing,3,male,0,0,349227,0
27,8.6625,S,missing,3,male,0,0,315154,0
27,7.8792,Q,missing,3,female,0,0,330844,0
20,9.825,S,missing,3,female,1,0,4136,0
29,10.4625,S,G6,3,female,1,1,347054,0
55,30.5,S,C30,1,male,0,0,113787,0
19,13,S,missing,2,female,0,0,28404,1
54,77.2875,S,D26,1,male,0,1,35281,0
64,26,S,missing,1,male,0,0,693,0
28,7.55,S,missing,3,male,0,0,C.A. 49867,0
18,79.65,S,E68,1,female,0,2,110413,1
31,26.25,S,missing,2,male,1,1,C.A. 31921,0
35,90,S,C93,1,female,1,0,19943,1
24,13.5,S,missing,2,male,0,0,248726,0
23,7.8542,S,missing,3,female,0,0,347469,1
24,7.05,S,missing,3,male,0,0,SOTON/O.Q. 3101311,0
24,69.3,C,B35,1,female,0,0,PC 17477,1
39,13,S,missing,2,male,0,0,28213,0
28,7.75,Q,missing,3,male,0,0,370372,0
45,29.7,C,A9,1,male,0,0,PC 17594,1
27,52,S,B71,1,female,1,2,F.C. 12750,1
32,7.925,S,missing,3,male,0,0,STON/O 2. 3101292,0
22,10.5,S,F33,2,female,0,0,W./C. 14266,1
29,26,S,missing,2,male,1,0,2003,0
30,31,C,missing,1,female,0,0,113798,1
19,8.1583,S,missing,3,male,0,0,S.P. 3464,0
60,75.25,C,D37,1,female,1,0,110813,1
28,69.55,S,missing,3,male,8,2,CA. 2343,0
28,0,S,missing,2,male,0,0,239854,0
40.5,14.5,S,missing,3,male,0,2,A/5. 851,0
18,14.4542,C,missing,3,female,0,1,2691,0
59,51.4792,S,C101,1,female,2,0,11769,1
37,90,Q,C78,1,female,1,0,19928,1
50,8.05,S,missing,3,male,0,0,A/5 3594,0
25,7.8958,S,missing,3,male,0,0,349203,0
28,23.25,Q,missing,3,female,2,0,367226,1
31,13,S,missing,2,male,0,0,244270,1
28,7.75,Q,missing,3,male,0,0,383162,1
3,26,S,F2,2,male,1,1,230080,1
67,221.7792,S,C55 C57,1,male,1,0,PC 17483,0
28,7.8958,S,missing,3,male,0,0,349207,0
27,136.7792,C,C89,1,male,1,0,13508,0
59,13.5,S,missing,2,male,0,0,237442,0
28,26.55,S,C124,1,male,0,0,113028,0
2,10.4625,S,G6,3,female,0,1,347054,0
23,7.55,S,missing,3,female,0,0,CA. 2314,1
31,37.0042,C,missing,2,male,1,1,S.C./PARIS 2079,0
60,263,S,C23 C25 C27,1,female,1,4,19950,1
28,52,S,C126,1,female,1,0,19996,1
39,83.1583,C,E49,1,female,1,1,PC 17756,1
53,27.4458,C,missing,1,female,0,0,PC 17606,1
22,7.25,S,missing,3,male,1,0,A/5 21171,0
28,7.75,Q,missing,3,male,0,0,370374,0
21,7.65,S,missing,3,female,0,0,343120,1
23,10.5,S,missing,2,male,0,0,C.A. 31030,0
40,13,S,missing,2,male,0,0,28221,0
4,31.275,S,missing,3,male,4,2,347082,0
40,13,S,missing,2,female,0,0,31418,1
28,7.25,S,missing,3,male,0,0,362316,0
25,7.8958,S,missing,3,male,0,0,349250,0
36,13,S,missing,2,male,0,0,229236,0
28,7.2292,C,F E46,3,male,0,0,2655,0
45.5,7.225,C,missing,3,male,0,0,2628,0
32,8.3625,S,missing,3,male,0,0,8471,0
48,25.9292,S,D17,1,female,0,0,17466,1
27,7.7958,S,missing,3,male,0,0,350043,1
28,13.8625,C,missing,2,male,0,0,SC/PARIS 2146,1
28,51.8625,S,E46,1,male,0,0,17463,0
19,26,S,missing,2,female,1,0,2908,1
25,7.05,S,missing,3,male,0,0,SOTON/OQ 392076,0
30,13,S,missing,2,male,0,0,28228,0
28,31,S,missing,1,male,0,0,113798,0
28,22.525,S,missing,3,male,0,0,C 4001,0
24,31.5,S,missing,2,male,2,0,C.A. 31029,0
28,14.5,S,missing,3,female,0,0,364498,0
16,46.9,S,missing,3,female,5,2,CA 2144,0
49,65,S,missing,2,male,1,2,220845,0
42,52.5542,S,D19,1,male,1,0,11753,1
30.5,7.75,Q,missing,3,female,0,0,364850,0
28,7.75,Q,missing,3,female,0,0,365237,0
30,13,S,missing,2,male,0,0,250646,0
30,13,S,missing,2,male,0,0,248744,0
28,23.45,S,missing,3,male,1,2,W./C. 6607,0
20,7.2292,C,missing,3,male,0,0,2663,1
15,39,S,missing,2,female,0,2,29750,1
23,11.5,S,missing,2,male,2,1,29104,0
50,247.5208,C,B58 B60,1,female,0,1,PC 17558,1
0.75,13.775,S,missing,3,male,1,1,SOTON/O.Q. 3101315,0
36.5,17.4,S,missing,3,male,1,0,345572,1
30,8.05,S,missing,3,male,0,0,A.5. 18509,0
23,13,S,missing,2,male,0,0,28425,0
2,12.2875,S,missing,3,female,0,1,3101298,1
27,211.5,C,C82,1,male,0,2,113503,0
28,16.1,S,missing,3,female,1,0,386525,1
44,26,S,missing,2,male,1,0,26707,0
49,0,S,B52 B54 B56,1,male,0,0,112058,1
38,8.6625,S,missing,3,male,0,0,315089,0
27,7.225,C,missing,3,male,0,0,2670,0
49,89.1042,C,C92,1,male,1,0,17453,1
19,14.5,S,missing,3,male,0,0,358585,0
18,7.75,S,missing,3,male,0,0,347078,0
64,83.1583,C,E45,1,female,0,2,PC 17756,1
25,7.65,S,F G73,3,male,0,0,348123,0
26,13,S,missing,2,male,0,0,237670,0
34,23,S,missing,2,female,0,1,231919,1
28,7.8292,Q,missing,3,male,0,0,330979,0
32,13,S,missing,2,male,0,0,244360,0
8,36.75,S,missing,2,male,1,1,C.A. 33112,1
19,10.1708,S,missing,3,male,0,0,349228,0
50,133.65,S,missing,1,male,2,0,PC 17611,1
40,27.9,S,missing,3,male,1,4,347088,0
25,7.775,S,missing,3,female,0,0,347071,0
17,108.9,C,C65,1,female,1,0,PC 17758,1
28,8.7125,C,missing,3,male,0,0,3411,0
47,52.5542,S,D35,1,female,1,1,11751,1
28,69.55,S,missing,3,female,8,2,CA. 2343,0
29,22.025,S,missing,3,male,3,1,315153,1
18,262.375,C,B57 B59 B63 B66,1,female,2,2,PC 17608,1
46,79.2,C,missing,1,male,0,0,PC 17585,0
28,7.75,Q,missing,3,male,0,0,12460,0
45,262.375,C,missing,1,female,0,0,PC 17608,1
33,27.75,S,missing,2,female,1,2,C.A. 34651,1
22,9.35,S,missing,3,male,0,0,PP 4348,0
27,13,S,missing,2,male,0,0,211536,0
1,12.1833,S,missing,3,female,1,1,350405,0
19,7.8792,Q,missing,3,female,0,0,330958,1
28,8.05,S,missing,3,male,0,0,363611,0
36,26.3875,S,E25,1,male,0,0,PC 17474,1
36,0,S,missing,3,male,0,0,LINE,0
31,26.25,S,missing,2,female,1,1,C.A. 31921,1
26,7.8875,S,missing,3,male,0,0,3474,0
16,7.65,S,missing,3,female,0,0,348125,1
9,31.275,S,missing,3,female,4,2,347082,0
24,19.2583,C,missing,3,female,0,3,2666,1
12,15.75,S,missing,2,female,0,0,C.A. 33595,1
31,7.7333,Q,missing,3,male,0,0,21332,0
46,26,S,missing,1,male,0,0,694,0
26,7.8958,S,missing,3,male,0,0,349224,0
43,211.3375,S,B3,1,female,0,1,24160,1
17,8.6625,S,missing,3,male,0,0,315093,0
22,7.125,S,missing,3,male,0,0,STON/O 2. 3101275,0
28,8.05,S,missing,3,female,0,0,343095,0
16,7.75,Q,missing,3,female,0,0,367231,1
32.5,9.5,S,missing,3,male,0,0,345775,0
62,26.55,S,missing,1,male,0,0,113807,0
43,27.7208,C,D40,1,male,1,0,17765,1
16,8.05,S,missing,3,male,0,0,A/4. 20589,0
52,93.5,S,B69,1,female,1,1,12749,1
3,13.775,S,missing,3,female,1,1,SOTON/O.Q. 3101315,0
2,31.275,S,missing,3,female,4,2,347082,0
38,153.4625,S,C91,1,male,0,1,PC 17582,0
28,0,S,B102,1,male,0,0,112058,0
60,26,S,missing,2,female,1,0,24065,0
36,262.375,C,B61,1,female,0,0,PC 17608,1
40,46.9,S,missing,3,male,1,6,CA 2144,0
21,7.7958,S,missing,3,male,0,0,350034,1
47,14.5,S,missing,3,female,1,0,A/5. 3337,0
38,7.775,S,missing,3,female,4,2,347091,0
25,7.65,S,F G63,3,male,0,0,348122,1
28.5,16.1,S,missing,3,male,0,0,54636,0
17,8.6625,S,missing,3,male,0,0,315095,0
45,52.5542,S,D19,1,female,1,0,11753,1
28,7.8292,Q,missing,3,female,0,0,330919,1
34,13,S,missing,2,female,0,0,243880,1
49,56.9292,C,A20,1,male,1,0,PC 17485,1
28,7.75,Q,missing,3,male,0,0,370377,0
25,7.225,C,missing,3,male,0,0,2672,0
22.5,7.225,C,missing,3,male,0,0,2698,0
28,10.5,S,missing,2,male,0,0,C.A./SOTON 34068,0
19,263,S,C23 C25 C27,1,male,3,2,19950,0
28,15.2458,C,missing,3,female,0,2,2678,0
22,61.9792,C,B36,1,female,0,1,113509,1
29,27.7208,C,missing,2,male,1,0,SC/PARIS 2167,0
28,8.05,S,missing,3,male,0,0,392092,0
31,164.8667,S,C7,1,female,0,2,36928,1
28,8.05,S,missing,3,male,0,0,S.C./A.4. 23567,0
33,8.6625,C,missing,3,male,0,0,349239,0
28,10.5,S,missing,2,male,0,0,SC 14888,0
28,14.4542,C,missing,3,male,1,0,2660,0
33,86.5,S,B77,1,female,0,0,110152,1
21,16.1,S,missing,3,male,0,0,54636,0
19,36.75,S,missing,2,male,1,1,C.A. 33112,0
21,7.775,S,missing,3,male,0,0,345501,1
23,7.925,S,missing,3,female,0,0,STON/O2. 3101290,0
18,73.5,S,missing,2,male,0,0,S.O.C. 14879,0
9,31.3875,S,missing,3,male,4,2,347077,0
54,78.2667,C,D20,1,female,1,0,36947,1
44,7.925,S,missing,3,male,0,0,STON/O 2. 3101269,1
34,8.05,S,missing,3,male,0,0,364506,0
51,7.0542,S,missing,3,male,0,0,347743,0
33,5,S,B51 B53 B55,1,male,0,0,695,0
16,20.25,S,missing,3,male,1,1,C.A. 2673,0
25,26,S,missing,2,male,1,0,236853,0
19,7.8958,S,missing,3,male,0,0,349205,0
24,27,S,missing,2,female,2,1,243847,1
26,30,C,C148,1,male,0,0,111369,1
29,10.5,S,missing,2,male,0,0,W./C. 14263,0
30,12.7375,C,missing,2,male,0,0,C.A. 34644,1
39,108.9,C,C105,1,female,0,0,PC 17758,1
27,26,S,missing,2,male,1,0,228414,0
28,7.8958,S,missing,3,male,0,0,349217,0
17,7.7333,Q,missing,3,female,0,0,AQ/3. 30631,0
28,7.8958,S,missing,3,male,0,0,349201,0
34,21,S,missing,2,male,1,0,28664,0
65,26.55,S,E38,1,male,0,0,13509,0
26,7.8542,S,missing,3,female,0,0,347470,1
40,16,S,missing,2,male,0,0,239059,0
36.5,26,S,F2,2,male,0,2,230080,0
21,7.75,Q,missing,3,female,0,0,364846,0
18,7.75,S,missing,3,male,0,0,347090,0
28,13,S,missing,2,male,0,0,248740,0
42,26.55,S,missing,1,male,0,0,17475,0
21,13,S,missing,2,male,0,0,236854,0
28,14.4583,C,missing,3,female,1,0,2689,0
22,7.225,C,missing,3,male,0,0,2658,1
27,13.8583,C,missing,2,female,1,0,SC/PARIS 2149,1
28,7.75,Q,missing,3,female,0,0,370375,1
41,7.125,S,missing,3,male,0,0,SOTON/O2 3101272,0
55,16,S,missing,2,female,0,0,248706,1
24,79.2,C,B86,1,male,0,0,PC 17593,0
30,6.95,Q,missing,3,female,0,0,382650,1
32.5,211.5,C,C132,1,male,0,0,113503,0
22,7.7958,S,missing,3,male,0,0,350045,0
9,46.9,S,missing,3,male,5,2,CA 2144,0
11,46.9,S,missing,3,male,5,2,CA 2144,0
24,14.5,S,missing,2,female,0,2,250649,1
22,7.5208,S,missing,3,male,0,0,350060,0
18,6.4958,S,missing,3,male,1,0,3101267,0
28,7.8958,S,missing,3,female,0,0,349245,0
20,7.05,S,missing,3,male,0,0,SOTON/O.Q. 3101307,0
52,78.2667,C,D20,1,female,1,0,36947,1
50,106.425,C,C86,1,male,1,0,PC 17761,0
28,25.4667,S,missing,3,female,3,1,4133,0
25,17.8,S,missing,3,male,1,0,349237,0
17,16.1,S,missing,3,female,0,1,371362,1
30,13,S,missing,2,male,0,0,233478,0
28,52,S,A14,1,male,0,0,110465,0
31,52,S,B71,1,male,1,0,F.C. 12750,0
28,7.75,Q,missing,3,female,0,0,370370,1
35,8.05,S,missing,3,male,0,0,364512,0
26,13.775,S,missing,3,female,0,2,SOTON/O.Q. 3101315,0
29,211.3375,S,B5,1,female,0,0,24160,1
18,13,S,missing,2,female,0,2,250652,1
40,15.5,Q,missing,3,male,1,1,364849,0
24,27.7208,C,missing,2,female,1,0,SC/PARIS 2167,1
30,26,S,missing,2,male,1,1,250651,0
28,8.05,S,missing,3,female,0,0,342712,1
28,13.5,S,missing,2,male,0,0,218629,0
28,31.6833,S,missing,1,female,0,0,PC 17598,1
42,13,S,missing,2,male,0,0,211535,0
1,39.6875,S,missing,3,male,4,1,3101295,0
28,24.15,Q,missing,3,male,1,0,371110,0
28,0,S,missing,1,male,0,0,112052,0
28,14.4583,C,missing,3,male,0,0,2627,0
25,10.5,S,missing,2,male,0,0,C.A. 34050,0
27,7.925,S,missing,3,female,0,0,STON/O2. 3101283,1
23,83.1583,C,C54,1,female,0,1,11767,1
31,7.8542,S,missing,3,female,0,0,350407,0
32,22.525,S,missing,3,male,0,0,C 4001,0
26,26,S,missing,2,female,1,1,250651,0
31,113.275,C,D36,1,female,1,0,35273,1
28,7.7958,S,missing,3,male,0,0,350042,0
71,34.6542,C,A5,1,male,0,0,PC 17754,0
28,7.55,S,missing,3,female,0,0,W./C. 6609,0
55,59.4,C,missing,1,male,1,0,PC 17603,0
47,7,S,missing,3,female,1,0,363272,1
28,22.525,S,missing,3,male,0,0,C 4001,0
28,69.55,S,missing,3,male,8,2,CA. 2343,0
28,7.75,Q,missing,3,male,0,0,372622,0
2,21.075,S,missing,3,male,3,1,349909,0
19,16.1,S,missing,3,female,1,0,376566,0
28,8.05,S,missing,3,male,0,0,A/S 2816,0
44,26,S,missing,2,female,1,0,244252,0
33,26.55,S,missing,1,male,0,0,113790,0
59,7.25,S,missing,3,male,0,0,364500,0
25,91.0792,C,B49,1,male,1,0,11967,1
20,9.8458,S,missing,3,male,0,0,7534,0
62,80,missing,B28,1,female,0,0,113572,1
26,10.5,S,missing,2,male,0,0,31028,0
21,7.7958,S,missing,3,male,0,0,350053,1
28,7.225,C,missing,3,male,0,0,2664,0
23,7.8958,S,missing,3,male,0,0,349204,0
30,151.55,S,C22 C26,1,male,1,2,113781,0
28,89.1042,C,C92,1,female,1,0,17453,1
37,7.925,S,missing,3,male,2,0,3101276,0
36,13,S,missing,2,female,0,0,27849,1
48,52,S,C126,1,male,1,0,19996,1
18,8.6625,S,missing,3,male,0,0,315091,0
28,8.1125,S,missing,3,female,0,0,65305,0
28,8.05,S,missing,3,male,0,0,A/5 2817,0
63,9.5875,S,missing,3,female,0,0,4134,1
27,7.8542,S,missing,3,male,0,0,350408,0
33,7.775,S,missing,3,male,0,0,347062,0
24,16.1,S,missing,3,male,1,0,376566,0
18,108.9,C,C65,1,male,1,0,PC 17758,0
5,31.3875,S,missing,3,female,4,2,347077,1
23,93.5,S,B24,1,male,0,0,12749,0
29,66.6,S,C2,1,male,1,0,113776,0
28,19.9667,S,missing,3,male,1,0,65303,0
29,26,S,missing,2,female,1,0,SC/AH 29037,0
28,21.6792,C,missing,3,male,2,0,2662,0
28,15.85,S,missing,3,male,1,0,STON/O2. 3101279,0
1,39,S,F4,2,male,2,1,230136,1
21,11.5,S,missing,2,male,1,0,28133,0
28,22.3583,C,missing,3,female,0,2,2668,1
35,20.25,S,missing,3,female,1,1,C.A. 2673,1
28,69.55,S,missing,3,female,1,9,CA. 2343,0
28,35.5,S,A6,1,male,0,0,113788,1
42,13,S,missing,2,male,0,0,237798,1
47,61.175,S,E31,1,female,1,0,W.E.P. 5734,1
19,7.8958,S,missing,3,male,0,0,349212,0
20,15.7417,C,missing,3,male,1,1,2653,1
26,29,S,missing,2,male,1,1,248738,1
28,227.525,C,missing,1,male,0,0,PC 17757,0
17,14.4583,C,missing,3,female,0,0,2627,0
28,263,S,C23 C25 C27,1,female,3,2,19950,1
25,7.7958,S,missing,3,male,0,0,350033,1
32,7.775,S,missing,3,male,0,0,347079,1
41,13,S,missing,2,male,0,0,237393,0
31,21,S,missing,2,female,0,0,F.C.C. 13528,1
16,34.375,S,missing,3,male,1,3,W./C. 6608,0
37,53.1,S,C123,1,male,1,0,113803,0
34,26.55,S,missing,1,male,0,0,113794,1
28,7.75,Q,missing,3,male,0,0,366713,0
45,83.475,S,C83,1,male,1,0,36973,0
36,7.4958,S,missing,3,male,0,0,349210,0
28,8.05,S,missing,3,male,0,0,374746,0
24,10.5,S,missing,2,male,0,0,28034,1
45,14.1083,S,missing,3,female,1,0,350026,1
49,0,S,missing,3,male,0,0,LINE,0
19,6.75,Q,missing,3,male,0,0,365222,0
19,30,S,B42,1,female,0,0,112053,1
14,11.2417,C,missing,3,female,1,0,2651,1
39,0,S,A36,1,male,0,0,112050,0
41,19.5,S,missing,2,female,0,1,250644,1
28,6.8583,Q,missing,3,male,0,0,394140,0
26,7.775,S,missing,3,male,0,0,347075,0
25,7.775,S,missing,3,male,1,0,347083,1
45,30,S,missing,2,female,0,2,237789,1
28,7.75,Q,missing,3,male,1,0,367227,0
28,26.55,S,C52,1,male,0,0,110564,1
38,13,S,missing,2,female,0,0,237671,0
29,26,S,missing,2,female,1,0,2926,1
16,18,S,missing,3,male,2,0,345764,0
42,13,S,missing,2,male,0,0,244310,0
20,26,S,missing,2,female,1,0,236853,1
45,6.975,S,missing,3,male,0,0,347061,0
24,83.1583,C,C54,1,female,0,0,11767,1
41,15.0458,C,missing,2,male,0,0,237734,0
33,26,S,missing,2,female,0,2,26360,1
34,13,S,D56,2,male,0,0,248698,1
60,26.55,S,missing,1,male,0,0,113800,0
18,9.35,S,missing,3,female,0,1,392091,1
25,151.55,S,C22 C26,1,female,1,2,113781,0
54,55.4417,C,C116,1,male,1,0,11778,1
28,22.3583,C,missing,3,male,1,1,2668,1
27,8.6625,S,missing,3,male,0,0,315083,0
36,24.15,S,missing,3,male,1,1,345773,0
36,120,S,B96 B98,1,male,1,2,113760,1
34,32.5,S,missing,2,female,1,1,28220,1
28,12.65,S,missing,2,female,0,0,240929,1
28,15.5,Q,missing,3,male,1,0,370371,0
28,0,S,missing,2,male,0,0,239855,0
22,21,S,missing,2,female,0,0,F.C.C. 13534,0
28,15.5,Q,missing,3,female,0,0,36568,1
29,7.925,S,missing,3,female,0,0,3101297,0
24,7.7958,S,missing,3,male,0,0,350035,0
28,8.05,S,missing,3,male,0,0,359306,0
32,7.75,Q,missing,3,male,0,0,370376,0
23.5,7.2292,C,missing,3,male,0,0,2693,0
39,13,S,missing,2,male,0,0,248723,0
19,26,S,missing,2,female,0,0,250655,1
24,7.25,Q,missing,3,male,0,0,371109,0
28,23.45,S,missing,3,female,1,2,W./C. 6607,0
26,78.85,S,missing,1,female,0,0,19877,1
21,7.225,C,missing,3,male,0,0,2692,0
9,15.2458,C,missing,3,female,1,1,2678,0
24,18.75,S,missing,2,female,2,3,29106,1
28,7.925,S,missing,3,male,2,0,3101277,0
28,24.15,Q,missing,3,male,0,0,371110,0
33,7.8958,C,missing,3,male,0,0,349241,0
61,33.5,S,B19,1,male,0,0,111240,0
21,7.8542,S,missing,3,male,0,0,350410,0
28,7.8958,S,missing,3,male,0,0,349234,0
28,56.4958,S,missing,3,male,0,0,1601,1
50,10.5,S,missing,2,female,0,0,F.C.C. 13531,1
35,52,S,missing,1,female,1,0,113789,1
18,17.8,S,missing,3,female,1,0,349237,0
45,14.4542,C,missing,3,female,0,1,2691,0
32,26,S,missing,2,male,1,0,2908,1
28,27.7208,C,missing,1,female,0,0,17770,1
28,69.55,S,missing,3,female,8,2,CA. 2343,0
28,8.05,S,missing,3,male,0,0,A.5. 3236,0
17,47.1,S,missing,1,male,0,0,113059,0
57,10.5,S,E77,2,female,0,0,S.O./P.P. 3,0
18,11.5,S,missing,2,male,0,0,231945,0
54,23,S,missing,2,female,1,3,29105,1
11,18.7875,C,missing,3,male,0,0,2699,0
6,12.475,S,E121,3,male,0,1,392096,1
28,7.75,Q,missing,3,male,0,0,368703,0
21,8.6625,S,missing,3,male,0,0,315097,0
31,20.525,S,missing,3,female,1,1,363291,1
36,12.1833,S,missing,3,female,0,2,350405,0
1,46.9,S,missing,3,male,5,2,CA 2144,0
24,65,S,missing,2,female,1,2,220845,1
26,7.775,S,missing,3,male,0,0,347068,0
35,10.5,S,missing,2,male,0,0,28206,0
6,21.075,S,missing,3,male,3,1,349909,0
21,8.05,S,missing,3,male,0,0,A/4 45380,0
18,7.775,S,missing,3,male,0,0,349912,0
42,7.65,S,F G63,3,male,0,0,348121,0
28,8.05,S,missing,3,male,0,0,359309,0
28,7.75,Q,missing,3,female,0,0,335677,1
28,25.7417,C,missing,1,male,0,0,F.C. 12998,1
29,9.5,S,missing,3,male,0,0,345779,1
28,7.8792,Q,missing,3,female,0,0,330931,1
9,20.525,S,missing,3,male,0,2,363291,1
29,26,S,missing,2,female,1,0,228414,1
25,7.2292,C,F E57,3,male,0,0,2654,1
27,13,S,missing,2,male,0,0,220367,0
74,7.775,S,missing,3,male,0,0,347060,0
22,31.5,S,missing,2,male,2,0,C.A. 31029,0
32,8.05,S,missing,3,male,0,0,STON/OQ. 369943,0
13,7.2292,C,missing,3,female,0,0,2687,1
27,10.5,S,E101,2,female,0,0,34218,1
45,7.225,C,missing,3,female,0,0,2696,1
28,12.875,S,missing,2,male,0,0,SC/PARIS 2159,0
22,7.7958,S,missing,3,male,0,0,350052,0
35,12.35,Q,missing,2,male,0,0,233734,0
28,7.75,Q,missing,3,female,0,0,364859,0
43,55.4417,C,C116,1,female,1,0,11778,1
22,8.6625,S,missing,3,female,2,0,315152,0
30,8.05,S,missing,3,male,0,0,SOTON/OQ 392090,0
29,8.05,S,missing,3,male,0,0,343276,0
43,46.9,S,missing,3,female,1,6,CA 2144,0
29,7.775,S,missing,3,male,0,0,347067,0
28,7.2292,C,missing,3,female,0,0,2626,1
63,26,S,missing,2,male,1,0,24065,0
32.5,13,S,E101,2,female,0,0,27267,1
28,42.4,S,missing,1,male,0,0,113796,0
44,57.9792,C,B18,1,female,0,1,111361,1
27,7.8958,S,missing,3,male,0,0,349219,0
18,6.75,Q,missing,3,female,0,0,365226,0
22,7.775,S,missing,3,male,0,0,347065,0
15,14.4542,C,missing,3,female,1,0,2659,1
11,31.275,S,missing,3,female,4,2,347082,0
20,7.925,S,missing,3,male,0,0,SOTON/O2 3101284,1
35,26.55,C,missing,1,male,0,0,111426,1
28,221.7792,S,C95,1,male,0,0,PC 17483,0
24,7.75,Q,missing,3,female,0,0,382653,1
25,7.05,S,missing,3,male,0,0,SOTON/O.Q. 3101312,0
20,8.6625,S,missing,3,female,0,0,315096,0
36,26,S,missing,2,female,1,0,226875,1
25,41.5792,C,missing,2,male,1,2,SC/Paris 2123,0
32,13.5,S,missing,2,male,0,0,237216,0
28,8.6625,S,missing,3,male,0,0,315037,0
53,81.8583,S,A34,1,male,1,1,33638,1
18,34.375,S,missing,3,male,2,2,W./C. 6608,0
30,10.5,S,missing,2,male,0,0,W/C 14208,0
60,76.2917,C,D15,1,female,0,0,11813,1
26,7.925,S,missing,3,female,0,0,STON/O2. 3101282,1
2,29.125,Q,missing,3,male,4,1,382652,0
45,7.75,S,missing,3,female,0,0,347073,0
37,7.75,Q,missing,3,female,0,0,368364,0
31,18,S,missing,3,female,1,0,345763,0
28,8.05,S,missing,3,male,0,0,32302,0
33,20.575,S,missing,3,female,1,2,C.A. 2315,1
17,7.0542,S,missing,3,male,1,0,350048,0
27,26,S,missing,2,male,0,0,244358,0
28,6.4375,C,missing,3,male,0,0,2681,0
28,55,S,E33,1,female,0,1,113505,1
2,26,S,F2,2,male,1,1,230080,1
39,26,S,missing,2,male,0,0,250655,0
4,39,S,F4,2,female,2,1,230136,1
65,61.9792,C,B30,1,male,0,1,113509,0
49,76.7292,C,D33,1,female,1,0,PC 17572,1
28,7.2292,C,missing,3,male,0,0,2652,0
26,7.8792,Q,missing,3,male,0,0,330910,0
54,14,S,missing,2,male,0,0,29011,0
38.5,7.25,S,missing,3,male,0,0,SOTON/O.Q. 3101262,0
28,51.8625,S,D21,1,female,1,0,17464,1
28,7.75,Q,missing,3,male,0,0,365235,0
38,80,missing,B28,1,female,0,0,113572,1
32,8.05,S,E10,3,male,0,0,SOTON/O.Q. 392078,1
28,8.05,S,missing,3,male,0,0,374910,0
35,211.5,C,C130,1,female,0,0,113503,1
29,30,S,D6,1,male,0,0,113501,0
53,28.5,C,C51,1,male,0,0,113780,1
4,11.1333,S,missing,3,male,1,1,347742,1
19,53.1,S,D30,1,male,1,0,113773,0
52,79.65,S,E67,1,male,1,1,110413,0
22,55,S,E33,1,female,0,1,113505,1
28,7.8958,S,missing,3,male,0,0,349238,0
47,52,S,C110,1,male,0,0,110465,0
23,7.7958,S,missing,3,male,0,0,350054,1
58,26.55,S,C103,1,female,0,0,113783,1
11.5,14.5,S,missing,3,male,1,1,A/5. 851,0
61,6.2375,S,missing,3,male,0,0,345364,0
28,7.75,Q,missing,3,female,0,0,382649,0
12,39,S,F4,2,female,2,1,230136,1
28,7.3125,S,missing,3,male,0,0,Fa 265302,0
24,49.5042,C,C90,1,female,0,0,PC 17482,1
44,13,S,missing,2,male,0,0,248746,0
21,6.4958,S,missing,3,male,1,0,3101266,0
28,7.8958,S,missing,3,male,0,0,349220,0
27,7.8958,S,missing,3,male,0,0,349229,0
18.5,7.2292,C,missing,3,male,0,0,2682,0
28,79.2,C,missing,1,female,0,0,PC 17585,1
22,151.55,S,missing,1,female,0,0,113781,1
9,34.375,S,missing,3,female,2,2,W./C. 6608,0
23,15.0458,C,missing,2,male,0,0,SC/PARIS 2133,0
26,56.4958,S,missing,3,male,0,0,1601,1
28,21.6792,C,missing,3,male,2,0,2662,0
33,20.525,S,missing,3,male,1,1,363291,0
26,7.8958,S,missing,3,male,0,0,349248,0
28,69.55,S,missing,3,male,8,2,CA. 2343,0
6,31.275,S,missing,3,female,4,2,347082,0
37,29.7,C,C118,1,male,0,1,PC 17596,0
28,15.2458,C,missing,3,male,1,1,2661,1
28,21.6792,C,missing,3,male,2,0,2662,0
45,27.9,S,missing,3,female,1,4,347088,0
70.5,7.75,Q,missing,3,male,0,0,370369,0
17,8.6625,S,missing,3,male,0,0,315086,0
28,7.8958,S,missing,3,male,0,0,349221,0
28,7.8958,S,missing,3,male,0,0,349216,0
38,0,S,missing,1,male,0,0,19972,0
15,8.0292,Q,missing,3,female,0,0,330923,1
27,8.6625,S,missing,3,male,0,0,315098,1
30,86.5,S,B77,1,female,0,0,110152,1
29,221.7792,S,C97,1,female,0,0,PC 17483,1
19,26.2833,S,D47,1,female,0,2,11752,1
28,7.75,Q,missing,3,male,0,0,368573,0
36,15.9,S,missing,3,female,0,2,C.A. 37671,1
24,263,S,C23 C25 C27,1,female,3,2,19950,1
28,30.6958,C,missing,1,male,0,0,PC 17600,0
32,7.925,S,missing,3,male,0,0,STON/O 2. 3101293,0
33,90,Q,C78,1,female,1,0,19928,1
45,134.5,C,E34,1,male,1,1,16966,1
44,27.7208,C,B4,1,female,0,0,PC 17610,1
5,27.75,S,missing,2,female,1,2,C.A. 34651,1
23,10.5,S,missing,2,male,0,0,244278,0
61,32.3208,S,D50,1,male,0,0,36963,0
28,12.35,Q,E101,2,female,0,0,226593,1
28,133.65,S,missing,1,female,1,0,PC 17611,1
14.5,14.4542,C,missing,3,female,1,0,2665,0
28,14.4542,C,missing,3,female,1,0,2660,0
20,4.0125,C,missing,3,male,0,0,2648,0
10,29.125,Q,missing,3,male,4,1,382652,0
28,7.75,Q,missing,3,female,0,0,14313,1
28,25.4667,S,missing,3,female,3,1,4133,0
25,26,C,missing,1,male,0,0,13905,0
24,8.6625,S,missing,3,male,0,0,315092,0
35,83.475,S,C83,1,female,1,0,36973,1
44,8.05,S,missing,3,male,0,0,363592,0
21,8.6625,S,missing,3,female,0,0,315087,0
28,19.9667,S,missing,3,male,1,0,65304,0
26,7.775,S,missing,3,male,0,0,347070,1
26,13.5,S,missing,2,female,0,0,220844,1
21,7.8958,S,missing,3,male,0,0,349211,0
58,153.4625,S,C125,1,female,0,1,PC 17582,1
28,14.4,S,missing,3,female,1,1,347080,0
28,7.7875,Q,missing,3,female,0,0,330932,1
30,24,C,missing,2,male,1,0,P/PP 3381,0
39,211.3375,S,missing,1,female,0,0,24160,1
50,13,S,missing,2,male,0,0,250643,0
18,7.2292,C,missing,3,female,0,0,2657,1
28,15.5,Q,missing,3,female,1,0,367230,1
39,110.8833,C,C68,1,female,1,1,17421,1
4,81.8583,S,A34,1,male,0,2,33638,1
1,16.7,S,G6,3,female,1,1,PP 9549,1
24,7.775,S,missing,3,male,0,0,349911,0
63,221.7792,S,C55 C57,1,female,1,0,PC 17483,0
50,26,S,missing,2,male,1,0,SC/AH 3085,0
21,73.5,S,missing,2,male,2,0,S.O.C. 14879,0
40,134.5,C,E34,1,female,1,1,16966,1
21,34.375,S,missing,3,female,2,2,W./C. 6608,0
50,14.5,S,missing,3,male,1,0,A/5. 3337,0
30,164.8667,S,C7,1,female,0,0,36928,1
16,39.6875,S,missing,3,male,4,1,3101295,0
21,77.2875,S,D26,1,male,0,1,35281,0
36,7.25,S,missing,3,male,0,0,A/5 21175,0
18,227.525,C,C62 C64,1,female,1,0,PC 17757,1
28,8.05,S,missing,3,female,0,0,A. 2. 39186,1
22,7.75,S,missing,3,female,0,0,347081,1
51,26.55,S,E17,1,male,0,0,113055,1
30,12.475,S,missing,3,female,0,0,364516,1
18,7.775,S,missing,3,female,0,0,347066,1
28,7.25,S,missing,3,male,0,0,A/4. 34244,0
9,3.1708,S,missing,3,male,0,1,C 17368,1
21,7.8,S,missing,3,male,0,0,A/4. 39886,0
65,7.75,Q,missing,3,male,0,0,336439,0
30,12.35,Q,missing,2,female,0,0,234818,1
30,57.75,C,C78,1,male,1,0,13236,1
28,69.55,S,missing,3,female,8,2,CA. 2343,0
44,16.1,S,missing,3,male,0,1,371362,0
66,10.5,S,missing,2,male,0,0,C.A. 24579,0
60,79.2,C,B41,1,male,1,1,13567,1
3,15.9,S,missing,3,male,1,1,C.A. 37671,1
28,7.7375,Q,missing,3,male,0,0,36865,0
48,106.425,C,C86,1,female,1,0,PC 17761,1
8,26.25,S,missing,2,female,0,2,C.A. 31921,1
22,59.4,C,missing,1,female,0,1,112378,1
42,227.525,C,missing,1,female,0,0,PC 17757,1
31,7.925,S,missing,3,male,0,0,STON/O 2. 3101288,1
25,13,S,missing,2,male,0,0,244361,0
25,30,S,missing,2,female,1,1,237789,1
21,11.5,S,missing,2,male,0,0,29107,0
54,51.8625,S,E46,1,male,0,0,17463,0
39,13.4167,C,missing,3,male,0,1,349256,1
37,26,S,missing,2,male,1,0,SC/AH 29037,0
28,7.55,S,missing,3,male,0,0,S.O./P.P. 251,0
48,36.75,S,missing,2,female,0,2,C.A. 33112,1
28,7.8958,C,missing,3,male,0,0,349254,0
28,26,S,missing,1,male,0,0,111163,1
22,7.25,S,missing,3,male,0,0,A/5 21174,0
50,28.7125,C,C49,1,female,0,0,PC 17595,0
30,13,S,missing,2,female,0,0,250648,1
28,26,S,missing,2,female,1,0,2003,1
32,7.925,S,missing,3,male,0,0,STON/O 2. 3101286,1
18,8.05,S,missing,3,male,0,0,A/5 3540,1
17,7.2292,C,missing,3,male,1,1,2690,0
28,25.4667,S,missing,3,male,3,1,4133,0
28,7.7292,Q,missing,3,male,0,0,367655,0
21,7.925,S,missing,3,male,0,0,STON/O 2. 3101280,0
43,6.45,S,missing,3,male,0,0,C 7075,0
28,56.4958,S,missing,3,male,0,0,1601,0
28,7.775,S,missing,3,male,0,0,312993,0
31,18,S,missing,3,male,3,0,345763,0
28,15.5,Q,missing,3,female,1,0,370365,1
39,24.15,S,missing,3,male,0,0,A/4 48871,0
43,7.8958,S,missing,3,male,0,0,349226,0
28,24,C,missing,2,female,1,0,P/PP 3381,1
28,82.1708,C,missing,1,male,1,0,PC 17604,0
39,71.2833,C,C85,1,male,1,0,PC 17599,0
20,7.8542,S,missing,3,male,0,0,347466,0
21,9.825,S,missing,3,female,1,0,4137,0
0.8333,9.35,S,missing,3,male,0,1,392091,1
8,32.5,S,missing,2,male,0,2,28220,1
31,57,S,B20,1,male,1,0,17474,1
41,39.6875,S,missing,3,female,0,5,3101295,0
6,33,S,missing,2,female,0,1,248727,1
24,7.75,Q,missing,3,female,0,0,368702,0
7,29.125,Q,missing,3,male,4,1,382652,0
39,79.65,S,E67,1,female,1,1,110413,1
36,120,S,B96 B98,1,female,1,2,113760,1
35,57.75,C,C28,1,female,1,0,13236,1
34,6.4958,S,missing,3,male,0,0,3101264,0
47,9,S,missing,3,male,0,0,345765,0
28.5,7.2292,C,missing,3,male,0,0,2697,0
28,13,S,missing,2,female,0,0,237668,1
51,12.525,S,missing,2,male,0,0,S.O.P. 1166,0
6,134.5,C,E34,1,male,0,2,16966,1
28,16.1,S,missing,3,male,1,0,386525,0
28,7.75,Q,missing,3,female,0,0,14311,1
28,14.5,S,missing,3,male,1,1,A/5. 851,0
47,38.5,S,E63,1,male,0,0,111320,0
28,6.95,Q,missing,3,male,0,0,368323,0
35,135.6333,S,C99,1,female,0,0,PC 17760,1
10,27.9,S,missing,3,male,3,2,347088,0
28,7.05,S,missing,3,male,0,0,SOTON/O.Q. 3101305,0
16,10.5,S,missing,2,male,0,0,S.O./P.P. 3,0
21,7.775,S,missing,3,male,0,0,312992,0
27,76.7292,C,D49,1,male,0,0,PC 17572,1
36,40.125,C,A10,1,male,0,0,13049,0
32,56.4958,S,missing,3,male,0,0,1601,1
36,10.5,S,missing,2,male,0,0,C.A. 17248,0
34,21,S,missing,2,male,1,0,31027,0
5,31.3875,S,missing,3,male,4,2,347077,0
30,8.6625,S,missing,3,female,0,0,315084,0
34,13,S,missing,2,male,0,0,12233,0
17,7.125,S,missing,3,male,0,0,STON/O 2. 3101274,0
14.5,69.55,S,missing,3,male,8,2,CA. 2343,0
5,19.2583,C,missing,3,female,2,1,2666,1
40.5,7.75,Q,missing,3,male,0,0,367232,0
38,7.2292,C,missing,3,female,0,0,2688,1
22,7.2292,C,missing,3,male,0,0,2669,0
48,39.6,C,A16,1,female,1,0,11755,1
21,7.8542,S,missing,3,male,0,0,350029,0
36,13,S,missing,2,male,0,0,242963,0
17,8.05,S,missing,3,male,2,0,A/4 48873,0
28,7.8792,S,missing,3,male,0,0,1222,0
64,263,S,C23 C25 C27,1,male,1,4,19950,0
19,8.05,S,missing,3,male,0,0,A/5. 10482,1
26,136.7792,C,C89,1,female,1,0,13508,1
24,15.85,S,missing,3,female,1,0,STON/O2. 3101279,1
34,13,S,missing,2,male,0,0,250647,0
26,7.8542,S,missing,3,male,1,0,350025,0
58,29.7,C,B37,1,male,0,0,11771,0
27,30.5,S,missing,1,male,0,0,113804,1
50,10.5,S,missing,2,female,0,0,W./C. 14258,1
28,14.4583,C,missing,3,male,1,0,2689,0
50,211.5,C,C80,1,female,1,1,113503,1
42,7.55,S,missing,3,male,0,0,C.A. 5547,0
31,8.6833,S,missing,3,female,0,0,349244,1
24,13,S,missing,2,female,0,0,248747,0
28,146.5208,C,B78,1,female,1,0,PC 17569,1
28,7.775,S,missing,3,male,0,0,312991,1
0.1667,20.575,S,missing,3,female,1,2,C.A. 2315,1
28,8.05,S,missing,3,male,0,0,376563,0
28,7.7333,Q,missing,3,female,0,0,335432,1
20,36.75,S,missing,2,female,0,0,C.A. 33112,1
32,15.5,Q,missing,3,female,1,1,364849,0